score,class
0.2896625399589538,0
0.9671403765678406,0
0.5136410593986511,0
0.00366060459055,0
0.2981539964675903,0
0.9591050744056702,0
0.2299064248800277,0
0.0083567267283797,0
0.4808701276779175,0
0.0096006551757454,0
0.0590946860611438,0
0.0369236655533313,0
0.8340803384780884,0
0.4115064442157745,0
0.1063736677169799,0
0.2335357815027237,0
0.0805895030498504,0
0.0118418596684932,0
0.0915887579321861,0
0.9270182847976683,0
0.0733694955706596,0
0.0040820068679749,0
0.023674601688981,0
0.1365977823734283,0
0.0257847644388675,0
0.5955315828323364,0
0.2544801533222198,0
0.5925401449203491,0
0.220441848039627,0
0.0248519089072942,0
0.125694990158081,0
0.1845353841781616,0
0.0365943759679794,0
0.7005950212478638,0
0.0065976460464298,0
0.1313191801309585,0
0.0424295626580715,0
0.0064444695599377,0
0.0205757357180118,0
0.0196078680455684,0
0.0028984569944441,0
0.0733446180820465,0
0.0940272659063339,0
0.1125263571739196,0
0.0306233298033475,0
0.0025092982687056,0
0.7033197283744812,0
0.2034017741680145,0
0.0042819906957447,0
0.4960356652736664,0
0.0228613205254077,0
0.2549776434898376,0
0.0295370370149612,0
0.93087500333786,0
0.9246249198913574,0
0.1537052392959594,0
0.3171091377735138,0
0.1604848206043243,0
0.2766321003437042,0
0.0727003440260887,0
0.2718649506568908,0
0.0813614502549171,0
0.4614423215389251,0
0.109253853559494,0
0.0035049838479608,0
0.4171608686447143,0
0.4332140684127807,0
0.1403549909591674,0
0.2232867926359176,0
0.9824396371841432,0
0.9129948616027832,0
0.0773264393210411,0
0.024874934926629,0
0.1074888557195663,0
0.8366615772247314,0
0.1162360832095146,0
0.4420280754566192,0
0.0188133604824543,0
0.0125180650502443,0
0.0083364760503172,0
0.2627097964286804,0
0.7440093755722046,0
0.4360325038433075,0
0.8302393555641174,0
0.1753131449222564,0
0.0179725252091884,0
0.0022428003139793,0
0.6995577812194824,0
0.9524419903755188,0
0.0778553336858749,0
0.046387068927288,0
0.1087904572486877,0
0.227840855717659,0
0.0248967222869396,0
0.1215828582644462,0
0.0048014475032687,0
0.0346256047487258,0
0.958396852016449,0
0.1304866671562194,0
0.9093510508537292,0
0.0037512346170842,0
0.848513126373291,0
0.5454594492912292,0
0.9563103318214417,0
0.2223631590604782,0
0.1600288897752761,0
0.3584749102592468,0
0.0038038825150579,0
0.1017677187919616,0
0.0144155705347657,0
0.1634067744016647,0
0.2855773270130157,0
0.0127382073551416,0
0.146415039896965,0
0.016841584816575,0
0.6286046504974365,0
0.3696523904800415,0
0.7751922607421875,0
0.7100656628608704,0
0.0866951644420623,0
0.2443892657756805,0
0.0537501201033592,0
0.2587450742721557,0
0.043686032295227,0
0.0038209671620279,0
0.333636999130249,0
0.1512934118509292,0
0.163403183221817,0
0.6054604649543762,0
0.084179438650608,0
0.4879885911941528,0
0.8059281706809998,0
0.027466369792819,0
0.1247518509626388,0
0.0079572089016437,0
0.1119200885295867,0
0.0047557102516293,0
0.5117990970611572,0
0.0047893221490085,0
0.4224371314048767,0
0.6948516368865967,0
0.0698905438184738,0
0.070655271410942,0
0.0900937095284462,0
0.8812170028686523,0
0.5646048784255981,0
0.0404827706515789,0
0.0047238986007869,0
0.0742597877979278,0
0.7875460982322693,0
0.728540301322937,0
0.1317077428102493,0
0.0144464960321784,0
0.0515411160886287,0
0.0029938055668026,0
0.0357783362269401,0
0.780108630657196,0
0.4620303213596344,0
0.1321279853582382,0
0.0293696392327547,0
0.6181985139846802,0
0.4258280396461487,0
0.7668738961219788,0
0.0712851881980896,0
0.7393324375152588,0
0.03395302221179,0
0.1786360591659,0
0.5329278111457825,0
0.899941086769104,0
0.4861233234405517,0
0.1047233119606971,0
0.003694690298289,0
0.5157537460327148,0
0.8893329501152039,0
0.9619928002357484,0
0.7263821959495544,0
0.7696584463119507,0
0.6489207744598389,0
0.4056435227394104,0
0.3306373357772827,0
0.6334359645843506,0
0.2618367075920105,0
0.6950715184211731,0
0.0139915011823177,0
0.3051446080207824,0
0.4717264771461487,0
0.8306422829627991,0
0.0348600447177886,0
0.1052614822983741,0
0.228262647986412,0
0.7047962546348572,0
0.9115471839904784,0
0.0224723257124423,0
0.0592093095183372,0
0.0191874932497739,0
0.5198982357978821,0
0.935144066810608,0
0.111911803483963,0
0.6847732663154602,0
0.636111855506897,0
0.0212835893034935,0
0.7518329620361328,0
0.0886488631367683,0
0.4119617044925689,0
0.8459540605545044,0
0.9263724088668824,0
0.5038683414459229,0
0.1023191064596176,0
0.049681406468153,0
0.0102339908480644,0
0.0144399739801883,0
0.0967321768403053,0
0.0051913834176957,0
0.3785837888717651,0
0.0507916025817394,0
0.0984701961278915,0
0.1659358590841293,0
0.4834904670715332,0
0.3501891493797302,0
0.0816149711608886,0
0.3661411702632904,0
0.6915726065635681,0
0.1116227060556411,0
0.2537636756896972,0
0.1513085067272186,0
0.1558577716350555,0
0.1669541001319885,0
0.0277061499655246,0
0.8790318369865417,0
0.8039494752883911,0
0.7549223303794861,0
0.5791212916374207,0
0.1809228062629699,0
0.014744272455573,0
0.5004281997680664,0
0.1337564438581466,0
0.1773478537797927,0
0.0676748678088188,0
0.0156605765223503,0
0.0967128723859787,0
0.2327516227960586,0
0.0029259021393954,0
0.0040432964451611,0
0.6766325831413269,0
0.0375551506876945,0
0.0184897053986787,0
0.233035072684288,0
0.7733604311943054,0
0.2081729620695114,0
0.6019680530518,0
0.0187877863645553,0
0.325943112373352,0
0.0159362237900495,0
0.055528100579977,0
0.2574114203453064,0
0.9377445578575134,0
0.1054531335830688,0
0.9773985147476196,0
0.0310977324843406,0
0.058695588260889,0
0.0382952503859996,0
0.0097483145073056,0
0.1134612932801246,0
0.0606960207223892,0
0.0529672764241695,0
0.0081060361117124,0
0.088599570095539,0
0.0035955130588263,0
0.1836196482181549,0
0.1410210877656936,0
0.1530023962259292,0
0.865597128868103,0
0.2694059908390045,0
0.0196340717375278,0
0.0070284805260598,0
0.0486226491630077,0
0.0067323194816708,0
0.853629469871521,0
0.0866854935884475,0
0.236495241522789,0
0.7711758017539978,0
0.1613175421953201,0
0.7141144871711731,0
0.0181192476302385,0
0.1633808761835098,0
0.0435787625610828,0
0.0253164134919643,0
0.508287787437439,0
0.8140879273414612,0
0.1492720395326614,0
0.0372683182358741,0
0.161814734339714,0
0.2838011682033539,0
0.0033068056218326,0
0.0294966995716094,0
0.594633936882019,0
0.0027892568614333,0
0.4559952318668365,0
0.0093608070164918,0
0.007501505780965,0
0.3565286695957184,0
0.012177244760096,0
0.0035022350493818,0
0.6838012337684631,0
0.3540165722370147,0
0.2811411619186401,0
0.0048528364859521,0
0.1877729594707489,0
0.1541071236133575,0
0.9735269546508788,0
0.8868311643600464,0
0.627496063709259,0
0.1735882312059402,0
0.1801188737154007,0
0.2630062699317932,0
0.2725693881511688,0
0.0111180339008569,0
0.1120702475309372,0
0.2074348032474517,0
0.0890452340245246,0
0.0565440393984317,0
0.0240871105343103,0
0.0312095377594232,0
0.4879910945892334,0
0.123788870871067,0
0.3902847468852997,0
0.0051685539074242,0
0.6875778436660767,0
0.1489808857440948,0
0.9608834981918336,0
0.0148354740813374,0
0.2340318709611892,0
0.511250376701355,0
0.1413741558790207,0
0.0035731447860598,0
0.0076646846719086,0
0.0079399794340133,0
0.1801549941301345,0
0.0568879432976245,0
0.0983996987342834,0
0.0098931612446904,0
0.6573373079299927,0
0.1010428294539451,0
0.3902580738067627,0
0.2523965239524841,0
0.6588737964630127,0
0.0366697460412979,0
0.9744954705238342,0
0.7117066383361816,0
0.0673652216792106,0
0.7591749429702759,0
0.0552662499248981,0
0.0180906094610691,0
0.0787024348974227,0
0.5481106638908386,0
0.4104285538196563,0
0.1122879981994628,0
0.7981366515159607,0
0.232759416103363,0
0.9099977612495422,0
0.0051198373548686,0
0.2317828983068466,0
0.0480051599442958,0
0.3053674399852752,0
0.5418688058853149,0
0.4188784062862396,0
0.3100486695766449,0
0.3517132997512817,0
0.1046537458896637,0
0.0071481228806078,0
0.0704626590013504,0
0.0639777705073356,0
0.975630223751068,0
0.0235980749130249,0
0.2450665980577469,0
0.0732354149222374,0
0.7101219296455383,0
0.1097895130515098,0
0.0732626616954803,0
0.5107170939445496,0
0.3871501982212066,0
0.9676276445388794,0
0.3788908123970032,0
0.374858021736145,0
0.4839646816253662,0
0.1889095157384872,0
0.622387170791626,0
0.1311995685100555,0
0.0191267617046833,0
0.666590690612793,0
0.3133975863456726,0
0.0524720922112464,0
0.701164186824,0
0.1375366598367691,0
0.0188542883843183,0
0.0374345853924751,0
0.0360554046928882,0
0.3630224764347076,0
0.3365941941738128,0
0.071071833372116,0
0.0093867983669042,0
0.0132851367816329,0
0.5274834036827087,0
0.1888543367385864,0
0.363847017288208,0
0.0341965220868587,0
0.0973357334733009,0
0.2655788958072662,0
0.7717404365539551,0
0.5451189875602722,0
0.4602109789848327,0
0.5403525829315186,0
0.1646856069564819,0
0.0939168557524681,0
0.0040244315750896,0
0.4490039646625519,0
0.0106985196471214,0
0.513380229473114,0
0.0289209149777889,0
0.2462449520826339,0
0.7203240990638733,0
0.2522145211696625,0
0.3615756630897522,0
0.0056884088553488,0
0.7755784392356873,0
0.0987651571631431,0
0.002254694700241,0
0.0859956815838813,0
0.0109680974856019,0
0.0071034310385584,0
0.2555358707904815,0
0.0066044069826602,0
0.011559741795,0
0.8200415968894958,0
0.0985572636127471,0
0.3770194053649902,0
0.2645471394062042,0
0.1019250303506851,0
0.0208383295685052,0
0.0220420714467763,0
0.842038631439209,0
0.3432579934597015,0
0.0630770027637481,0
0.0035582575947046,0
0.9693244099617004,0
0.1841177940368652,0
0.0179642681032419,0
0.9756996631622314,0
0.0378504544496536,0
0.577966570854187,0
0.0312105603516101,0
0.0364153310656547,0
0.6302525401115417,0
0.0630740895867347,0
0.9827803373336792,0
0.0482047088444232,0
0.1342894285917282,0
0.0083219856023788,0
0.6857731938362122,0
0.43852299451828,0
0.0890810936689376,0
0.7156214714050293,0
0.132230058312416,0
0.4569185674190521,0
0.95225989818573,0
0.0256101414561271,0
0.0146217485889792,0
0.1734792292118072,0
0.1471635997295379,0
0.1958143264055252,0
0.0902897715568542,0
0.0058451825752854,0
0.1971732527017593,0
0.5795233845710754,0
0.1674520075321197,0
0.0092799142003059,0
0.2144637554883957,0
0.2809822559356689,0
0.9635066986083984,0
0.2580560147762298,0
0.1150447726249694,0
0.211249440908432,0
0.1179407611489296,0
0.3890755772590637,0
0.0068071335554122,0
0.0434297211468219,0
0.3291188478469848,0
0.0156283285468816,0
0.4577681124210357,0
0.4753049314022064,0
0.0068753454834222,0
0.0706063657999038,0
0.4767460525035858,0
0.1238369867205619,0
0.968196988105774,0
0.1014619022607803,0
0.0039361389353871,0
0.3839814364910126,0
0.2093519419431686,0
0.5163091421127319,0
0.087487481534481,0
0.5082581639289856,0
0.0955652520060539,0
0.0048396657221019,0
0.7067649364471436,0
0.0986346751451492,0
0.7796040773391724,0
0.2340476363897323,0
0.0034168309066444,0
0.0391226112842559,0
0.4973039031028747,0
0.6404221653938293,0
0.2434202879667282,0
0.2341443300247192,0
0.4755082130432129,0
0.1875637173652649,0
0.5876224040985107,0
0.0324322655797004,0
0.0187342297285795,0
0.0963848680257797,0
0.4167826175689697,0
0.0035144435241818,0
0.0230909958481788,0
0.8296955823898315,0
0.7460737228393555,0
0.0187614411115646,0
0.079370692372322,0
0.0639485046267509,0
0.7157466411590576,0
0.0051712226122617,0
0.0723649188876152,0
0.9474570155143738,0
0.5039077997207642,0
0.3510952889919281,0
0.1675219386816024,0
0.0694728717207908,0
0.1627374291419983,0
0.0084563065320253,0
0.1309108585119247,0
0.1080219075083732,0
0.1043013632297515,0
0.1897167861461639,0
0.0584065094590187,0
0.1845576018095016,0
0.7471335530281067,0
0.0078229550272226,0
0.8077275156974792,0
0.2049875855445861,0
0.7322373986244202,0
0.0070878961123526,0
0.8480022549629211,0
0.2135439664125442,0
0.4546730518341064,0
0.0419320948421955,0
0.182505652308464,0
0.0460133142769336,0
0.6950768828392029,0
0.009397966787219,0
0.6083776354789734,0
0.1319164335727691,0
0.8218032717704773,0
0.950245446256,0
0.024824634194374,0
0.0195382460951805,0
0.3177461326122284,0
0.0673955753445625,0
0.916356325149536,0
0.0725778117775917,0
0.3526059985160827,0
0.6061205863952637,0
0.128867045044899,0
0.8544970750808716,0
0.5194710493087769,0
0.2394948303699493,0
0.1841281801462173,0
0.0037933529820293,0
0.0934713035821914,0
0.1582312136888504,0
0.4981794059276581,0
0.0467514209449291,0
0.6457775831222534,0
0.8518545031547546,0
0.0732125416398048,0
0.1367664486169815,0
0.0690978989005088,0
0.0636372417211532,0
0.0420872718095779,0
0.0515715703368186,0
0.0432371906936168,0
0.3534267842769623,0
0.007637808099389,0
0.0668931826949119,0
0.096428781747818,0
0.0361353941261768,0
0.0333302803337574,0
0.0579082295298576,0
0.0129701998084783,0
0.0153732672333717,0
0.284440815448761,0
0.8899708390235901,0
0.2160523980855941,0
0.4453011155128479,0
0.945479929447174,0
0.205996572971344,0
0.0631378963589668,0
0.571911633014679,0
0.7151806354522705,0
0.2097360640764236,0
0.2690228521823883,0
0.0428126789629459,0
0.0030290237627923,0
0.1482536792755127,0
0.0388345494866371,0
0.1761683821678161,0
0.1757703870534896,0
0.4508432745933532,0
0.6639508008956909,0
0.2015794366598129,0
0.2972692847251892,0
0.3188010454177856,0
0.0147973680868744,0
0.0267346072942018,0
0.0068779452703893,0
0.3300417065620422,0
0.0403266660869121,0
0.5918974280357361,0
0.4636733829975128,0
0.0962871387600898,0
0.7064449191093445,0
0.7420530319213867,0
0.111631192266941,0
0.1020356863737106,0
0.0340693965554237,0
0.3222665190696716,0
0.0649098455905914,0
0.3736423850059509,0
0.1311007142066955,0
0.0312135405838489,0
0.1347996145486831,0
0.8209896087646484,0
0.1229896992444992,0
0.1388575732707977,0
0.120034709572792,0
0.0152019122615456,0
0.003346670186147,0
0.0379678681492805,0
0.7368695139884949,0
0.2208537459373474,0
0.0480896383523941,0
0.2897887527942657,0
0.6611002087593079,0
0.0550338216125965,0
0.0506991818547248,0
0.0541319586336612,0
0.4087958633899688,0
0.2474958896636963,0
0.6572281718254089,0
0.1685293018817901,0
0.0258312560617923,0
0.8744675517082214,0
0.5220193862915039,0
0.0803063511848449,0
0.908309042453766,0
0.2942745685577392,0
0.1830304116010666,0
0.1484450846910476,0
0.2972683012485504,0
0.554970383644104,0
0.0349696390330791,0
0.0048683709464967,0
0.0032604078296571,0
0.8986954092979431,0
0.0083412723615765,0
0.294743925333023,0
0.0609842129051685,0
0.0055952123366296,0
0.1635834276676178,0
0.1516938805580139,0
0.1793178021907806,0
0.2513792216777801,0
0.968448042869568,0
0.1332298517227172,0
0.7325540781021118,0
0.0486221984028816,0
0.1308654397726059,0
0.0347139351069927,0
0.3757720589637756,0
0.7290659546852112,0
0.0047142663970589,0
0.0170595869421958,0
0.5498396158218384,0
0.1401692777872085,0
0.0588892877101,0
0.0338427349925041,0
0.1357061117887497,0
0.3586321771144867,0
0.0630056783556938,0
0.0029684694018214,0
0.0194347817450761,0
0.0607254691421985,0
0.3908786475658417,0
0.0153041612356901,0
0.0262451209127903,0
0.0920692905783653,0
0.0537299960851669,0
0.0086753834038972,0
0.562194287776947,0
0.3479454517364502,0
0.1078109890222549,0
0.0527497231960296,0
0.0568338297307491,0
0.2901560068130493,0
0.0144012020900845,0
0.0093664089217782,0
0.1259055435657501,0
0.0792328566312789,0
0.555669903755188,0
0.189107060432434,0
0.0039488519541919,0
0.8317511677742004,0
0.2035257667303085,0
0.7283535599708557,0
0.0657969266176223,0
0.0353255122909,0
0.3208146095275879,0
0.5556279420852661,0
0.101005382835865,0
0.0619820691645145,0
0.4092124402523041,0
0.4062212109565735,0
0.6408271411438,0
0.0685829073190689,0
0.0779128298163414,0
0.0124436598271131,0
0.0085614277049899,0
0.0793754458427429,0
0.3304108679294586,0
0.035306442528963,0
0.0477458611130714,0
0.6488274335861206,0
0.1027261614799499,0
0.4888638257980346,0
0.053055390715599,0
0.0585704147815704,0
0.6294216513633728,0
0.5140666365623474,0
0.0167577099055051,0
0.5484238862991333,0
0.8280050754547119,0
0.0161885041743516,0
0.0052327178418636,0
0.00746610481292,0
0.7691469192504883,0
0.1904499977827072,0
0.8489219546318054,0
0.4232545793056488,0
0.0372914113104343,0
0.1704074144363403,0
0.0070353928022086,0
0.2444237917661667,0
0.2788804471492767,0
0.0807891264557838,0
0.0044376356527209,0
0.0078706117346882,0
0.1927387416362762,0
0.0120765035971999,0
0.99078768491745,0
0.057387787848711,0
0.0026968049351125,0
0.2478707879781723,0
0.0228339880704879,0
0.1073559001088142,0
0.0239424705505371,0
0.0125667927786707,0
0.0167026482522487,0
0.517007052898407,0
0.1020635515451431,0
0.0040558204054832,0
0.5698737502098083,0
0.4235714375972748,0
0.0150775397196412,0
0.4304856657981872,0
0.3739162683486938,0
0.0352607518434524,0
0.624630868434906,0
0.8733557462692261,0
0.5009554624557495,0
0.1099709495902061,0
0.0110741015523672,0
0.6223278641700745,0
0.4536071717739105,0
0.0164745133370161,0
0.0437793247401714,0
0.1833669543266296,0
0.0580494441092014,0
0.0747300386428833,0
0.0118576949462294,0
0.1266613602638244,0
0.3422665297985077,0
0.4835149943828583,0
0.4560558795928955,0
0.7653710842132568,0
0.2051805257797241,0
0.0322986356914043,0
0.1852044612169265,0
0.1997950822114944,0
0.0037519223988056,0
0.5384599566459656,0
0.0628931149840354,0
0.1335704624652862,0
0.2709676623344421,0
0.0359901823103427,0
0.0038154344074428,0
0.4866675138473511,0
0.0979923009872436,0
0.0039229276590049,0
0.0096514858305454,0
0.0534312091767787,0
0.937674641609192,0
0.0354082137346267,0
0.1947850584983825,0
0.3030973672866821,0
0.0935281291604042,0
0.0055972165428102,0
0.0111507643014192,0
0.0911613702774047,0
0.0748462453484535,0
0.7183680534362793,0
0.1872762888669967,0
0.1622862517833709,0
0.2645780146121979,0
0.0607549101114273,0
0.0999906659126281,0
0.6930171847343445,0
0.0819926336407661,0
0.7185885310173035,0
0.0498713962733745,0
0.9332517385482788,0
0.2049238234758377,0
0.066087819635868,0
0.0172539446502923,0
0.6439724564552307,0
0.0863502472639083,0
0.0059593124315142,0
0.0241911355406045,0
0.4768823087215423,0
0.1870680600404739,0
0.0818519592285156,0
0.0643886998295784,0
0.2410333305597305,0
0.6166546940803528,0
0.1364275515079498,0
0.0560060180723667,0
0.0748790949583053,0
0.28749680519104,0
0.3510851263999939,0
0.1100424006581306,0
0.8330890536308289,0
0.3351074159145355,0
0.0068511464633047,0
0.9433186054229736,0
0.2450349032878875,0
0.1361144632101059,0
0.0176384225487709,0
0.0220139119774103,0
0.4717196822166443,0
0.1360391527414322,0
0.3247180581092834,0
0.6301573514938354,0
0.0805640816688537,0
0.092601366341114,0
0.585283100605011,0
0.0296623855829238,0
0.15559121966362,0
0.0078649967908859,0
0.6033423542976379,0
0.2060682326555252,0
0.0990011245012283,0
0.0358226560056209,0
0.9416834115982056,0
0.0866819024085998,0
0.860145628452301,0
0.0083443997427821,0
0.1106782332062721,0
0.8265562057495117,0
0.1786717176437378,0
0.019182551652193,0
0.3568202555179596,0
0.0158183425664901,0
0.0214731507003307,0
0.7243548035621643,0
0.0883154869079589,0
0.8839378952980042,0
0.0063292449340224,0
0.0425391346216201,0
0.311116874217987,0
0.4916523694992065,0
0.01490193977952,0
0.0225224047899246,0
0.396678477525711,0
0.0369874387979507,0
0.0145646799355745,0
0.0239311400800943,0
0.0522469244897365,0
0.4813544452190399,0
0.029893759638071,0
0.3125782310962677,0
0.0269806608557701,0
0.0125364083796739,0
0.0440085642039775,0
0.4473054409027099,0
0.1700193434953689,0
0.252392441034317,0
0.0451809056103229,0
0.5393757820129395,0
0.7253206968307495,0
0.0048997630365192,0
0.1265296638011932,0
0.637171745300293,0
0.040445826947689,0
0.3592306971549988,0
0.0457077994942665,0
0.3055710792541504,0
0.0831556543707847,0
0.163663625717163,0
0.0565410256385803,0
0.0631472319364547,0
0.0483472757041454,0
0.006666971836239,0
0.0141318375244736,0
0.0468918085098266,0
0.1845131665468216,0
0.0114014325663447,0
0.057426244020462,0
0.0064544375054538,0
0.0577300824224948,0
0.3432447910308838,0
0.69324791431427,0
0.0889764726161956,0
0.0894980803132057,0
0.2123718410730362,0
0.1370473057031631,0
0.879791259765625,0
0.1330237388610839,0
0.0086084920912981,0
0.1354866413116,0
0.0585907362401485,0
0.4843226075172424,0
0.1414884477853775,0
0.0270066689699888,0
0.1998461484909057,0
0.2564417421817779,0
0.256661057472229,0
0.5502117276191711,0
0.1527336984872818,0
0.0200451184064149,0
0.061871450394392,0
0.4260725677013397,0
0.4329113364219665,0
0.1465348899364471,0
0.5748550891876221,0
0.564949095249176,0
0.0063995965756475,0
0.1035486012697219,0
0.0397375114262104,0
0.4689925611019134,0
0.0033232723362743,0
0.1490228474140167,0
0.8193674683570862,0
0.3370715379714966,0
0.0149082792922854,0
0.0386759489774704,0
0.0170160606503486,0
0.5087581276893616,0
0.1599939614534378,0
0.0171805620193481,0
0.3418940901756286,0
0.0346240177750587,0
0.078303188085556,0
0.0113364038988947,0
0.8878702521324158,0
0.6783468723297119,0
0.2072388082742691,0
0.461919218301773,0
0.8167106509208679,0
0.0632444322109222,0
0.032445203512907,0
0.0795033797621727,0
0.0371065847575664,0
0.1567179262638092,0
0.0829983130097389,0
0.1905311644077301,0
0.0042236256413161,0
0.3668439984321594,0
0.6361247897148132,0
0.0091282771900296,0
0.0049365148879587,0
0.1454554349184036,0
0.1884483844041824,0
0.0186668820679187,0
0.9471800327301024,1
0.7920634150505066,1
0.981387495994568,1
0.9754148721694946,1
0.8734612464904785,1
0.6657556891441345,1
0.922927975654602,1
0.8874267339706421,1
0.9705371856689452,1
0.5961078405380249,1
0.6559092998504639,1
0.4811320304870605,1
0.7518656849861145,1
0.6097391247749329,1
0.8861744403839111,1
0.5561016201972961,1
0.9859107732772828,1
0.9716967940330504,1
0.8890578746795654,1
0.7977287769317627,1
0.990502953529358,1
0.926289677619934,1
0.9849552512168884,1
0.8071306347846985,1
0.8501707911491394,1
0.6202753186225891,1
0.9795785546302797,1
0.9214020371437072,1
0.9419571757316588,1
0.9562938809394836,1
0.8855498433113098,1
0.8867625594139099,1
0.9764391183853148,1
0.8103362917985,1
0.8336265683174133,1
0.584557294845581,1
0.9885669946670532,1
0.9878798127174376,1
0.9619996547698976,1
0.9455088973045348,1
0.8505749106407166,1
0.9865625500679016,1
0.9486783742904664,1
0.9909844398498536,1
0.993221402168274,1
0.9748339653015136,1
0.9439884424209596,1
0.8291613459587097,1
0.9910367727279664,1
0.8489413261413574,1
0.937824845314026,1
0.9477075934410096,1
0.7516048550605774,1
0.9849405884742736,1
0.893412399292,1
0.4884916245937347,1
0.9867162704467772,1
0.94154155254364,1
0.1790403574705124,1
0.848900556564331,1
0.9846659898757936,1
0.9525399804115297,1
0.2824131548404693,1
0.9897415637969972,1
0.7934225797653198,1
0.8055379390716553,1
0.8509615659713745,1
0.7780274748802185,1
0.9840906262397766,1
0.9718928933143616,1
0.2926825881004333,1
0.9876741766929626,1
0.7279505729675293,1
0.9439238905906676,1
0.9825128316879272,1
0.9637754559516908,1
0.968380868434906,1
0.9746584892272948,1
0.8566541075706482,1
0.8293358683586121,1
0.4634329974651336,1
0.7131917476654053,1
0.9813774228096008,1
0.9904906749725342,1
0.9859282970428468,1
0.8905797004699707,1
0.9721111059188844,1
0.1536442786455154,1
0.1266109049320221,1
0.7733306288719177,1
0.9690901637077332,1
0.7418694496154785,1
0.9595487117767334,1
0.9708398580551147,1
0.8846741914749146,1
0.9831125140190125,1
0.9658809900283812,1
0.9285609722137452,1
0.9723357558250428,1
0.9347105026245116,1
0.7245347499847412,1
0.7639229893684387,1
0.8887594938278198,1
0.473201036453247,1
0.9296834468841552,1
0.9907551407814026,1
0.7292295098304749,1
0.9828237295150756,1
0.8190213441848755,1
0.5545409917831421,1
0.8185368776321411,1
0.4698186814785003,1
0.8214015960693359,1
0.9916990995407104,1
0.8228934407234192,1
0.1947021186351776,1
0.735954225063324,1
0.952328324317932,1
0.977493166923523,1
0.7122933864593506,1
0.9304325580596924,1
0.7661099433898926,1
0.9861372709274292,1
0.981042504310608,1
0.9545599818229676,1
0.5468112230300903,1
0.9740947484970092,1
0.9253337979316713,1
0.7272418737411499,1
0.9927276372909546,1
0.7817046046257019,1
0.6167207360267639,1
0.967805027961731,1
0.9894200563430786,1
0.6782887578010559,1
0.7536030411720276,1
0.9357569217681884,1
0.9423938989639282,1
0.9596711993217468,1
0.7449852824211121,1
0.5190711617469788,1
0.9746453762054444,1
0.6797933578491211,1
0.6257985234260559,1
0.9792534112930298,1
0.0034458248410373,1
0.601321816444397,1
0.9796600937843324,1
0.9680445194244384,1
0.7854219675064087,1
0.9060353636741638,1
0.6168198585510254,1
0.7991949915885925,1
0.9156083464622498,1
0.9723914265632628,1
0.9620891213417052,1
0.8745677471160889,1
0.3645940124988556,1
0.9701071977615356,1
0.4023990929126739,1
0.9519897103309632,1
0.9803946018218994,1
0.8145526051521301,1
0.9541497826576232,1
0.8415683507919312,1
0.973970353603363,1
0.7318872809410095,1
0.9843010306358336,1
0.9129143953323364,1
0.9388222694396972,1
0.7869226932525635,1
0.7991360425949097,1
0.9048304557800292,1
0.9058724641799928,1
0.7983063459396362,1
0.988344669342041,1
0.7696922421455383,1
0.58969646692276,1
0.9910557270050048,1
0.6060898932043,1
0.970864236354828,1
0.1849776655435562,1
0.7620775103569031,1
0.9878358244895936,1
0.98947411775589,1
0.9748982191085817,1
0.9535241723060608,1
0.2466569691896438,1
0.957117795944214,1
0.5596940517425537,1
0.9243231415748596,1
0.5522807836532593,1
0.9496667981147766,1
0.8471158742904663,1
0.9581832885742188,1
0.9780011177062988,1
0.9814271330833436,1
0.7952237129211426,1
0.9832547307014464,1
0.8968900442123413,1
0.9904078841209412,1
0.99297297885,1
0.992388904094696,1
0.9611764550209044,1
0.9736681580543518,1
0.9923211253356,1
0.8922017812728882,1
0.5247688293457031,1
0.9557551145553588,1
0.9693361520767212,1
0.9811704754829408,1
0.9830187559127808,1
0.4086993038654327,1
0.9878820180892944,1
0.8788201212882996,1
0.6459504961967468,1
0.456957995891571,1
0.8362162709236145,1
0.9665138125419616,1
0.9845317006111144,1
0.8904022574424744,1
0.1693426668643951,1
0.5761328935623169,1
0.8554921746253967,1
0.9009819626808168,1
0.7554003596305847,1
0.1417781114578247,1
0.6438267230987549,1
0.9732636213302612,1
0.9875454306602478,1
0.9492992162704468,1
0.2814879417419433,1
0.9812092185020448,1
0.0120640965178608,1
0.9665733575820924,1
0.9593012928962708,1
0.0390738546848297,1
0.9642136693792,1
0.971184253692627,1
0.9872046709060668,1
0.9883232712745668,1
0.5615440607070923,1
0.9687724113464355,1
0.9729507565498352,1
0.91800856590271,1
0.989083170890808,1
0.9841488003730774,1
0.4550710022449493,1
0.9758247137069702,1
0.9782347083091736,1
0.6979137063026428,1
0.8989867568016052,1
0.9524992108345032,1
0.8313124179840088,1
0.9763845801353456,1
0.9906330108642578,1
0.9777033925056458,1
0.9857372045516968,1
0.7606437802314758,1
0.8551974892616272,1
0.7946942448616028,1
0.9885239005088806,1
0.9831647872924804,1
0.0723199593963,1
0.9895371198654176,1
0.9451902508735656,1
0.9111077189445496,1
0.937554657459259,1
0.7750943899154663,1
0.9589754343032836,1
0.9480331540107728,1
0.6836451292037964,1
0.9390405416488647,1
0.9162655472755432,1
0.1990133225917816,1
0.7267651557922363,1
0.9864381551742554,1
0.945902407169342,1
0.988345503807068,1
0.9594590663909912,1
0.5279243588447571,1
0.7118369936943054,1
0.9574280381202698,1
0.6617492437362671,1
0.5067848563194275,1
0.9426766633987428,1
0.8951811194419861,1
0.6837295293807983,1
0.6801199913024902,1
0.9153939485549928,1
0.8703004717826843,1
0.9854425191879272,1
0.3531337976455688,1
0.3941906988620758,1
0.9605036973953248,1
0.9885756373405457,1
0.900556206703186,1
0.8019298315048218,1
0.3444041013717651,1
0.9320298433303832,1
0.9871553182601928,1
0.1264491379261016,1
0.6117753982543945,1
0.9826152324676514,1
0.9829535484313964,1
0.2109245806932449,1
0.6824936866760254,1
0.7277922630310059,1
0.9881694316864014,1
0.9152336716651917,1
0.7233188152313232,1
0.9754533171653748,1
0.8479253053665161,1
0.9707499742507936,1
0.9890103936195374,1
0.932498812675476,1
0.8025932312011719,1
0.9869108273242,1
0.2154217511415481,1
0.0660075470805168,1
0.5729297995567322,1
0.9829640984535216,1
0.7769045829772949,1
0.9790555834770204,1
0.990633487701416,1
0.988110899925232,1
0.4185450971126556,1
0.7789274454116821,1
0.8634985685348511,1
0.8276357650756836,1
0.9680082201957704,1
0.2985919713973999,1
0.7321680784225464,1
0.9712121486663818,1
0.9122133255004884,1
0.8820747137069702,1
0.3250200152397156,1
0.718532919883728,1
0.9757903218269348,1
0.9232208728790284,1
0.9791065454483032,1
0.9852668046951294,1
0.8767200112342834,1
0.987955629825592,1
0.9776611924171448,1
0.978444755077362,1
0.8779116272926331,1
0.974808931350708,1
0.7777795791625977,1
0.977226972579956,1
0.8218055963516235,1
0.9677969813346864,1
0.98658549785614,1
0.491520881652832,1
0.741119921207428,1
0.984616994857788,1
0.7270879745483398,1
0.1085467934608459,1
0.9790496230125428,1
0.9370666742324828,1
0.4517481923103332,1
0.8457894325256348,1
0.4377793967723846,1
0.715015172958374,1
0.8756030201911926,1
0.9718756079673768,1
0.937777042388916,1
0.9240920543670654,1
0.313327819108963,1
0.9167736172676086,1
0.4472774565219879,1
0.6654517650604248,1
0.8921084403991699,1
0.9213787317276,1
0.7216362357139587,1
0.8371065855026245,1
0.9906553626060486,1
0.957290768623352,1
0.793782651424408,1
0.9661319851875304,1
0.8523241877555847,1
0.6721276044845581,1
0.818114697933197,1
0.9749876856803894,1
0.0283413138240575,1
0.7212883830070496,1
0.4286834299564361,1
0.4976643323898315,1
0.9907516241073608,1
0.9764295816421508,1
0.640215277671814,1
0.9175427556037904,1
0.9201195240020752,1
0.3866835534572601,1
0.990014910697937,1
0.9636786580085754,1
0.9851282238960266,1
0.9475265741348268,1
0.6783747673034668,1
0.0838266909122467,1
0.986895740032196,1
0.9387656450271606,1
0.8227369785308838,1
0.1696756184101104,1
0.789043128490448,1
0.9906362891197203,1
0.2568957507610321,1
0.778789222240448,1
0.3964783549308777,1
0.8429360389709473,1
0.8510206341743469,1
0.9670413732528688,1
0.9610382914543152,1
0.9753062129020692,1
0.9355360269546508,1
0.2766830027103424,1
0.942115843296051,1
0.8840863108634949,1
0.909197986125946,1
0.9066447615623474,1
0.9864604473114014,1
0.9877089262008668,1
0.9930824041366576,1
0.9035950899124146,1
0.4842943549156189,1
0.0741149187088012,1
0.9202061891555786,1
0.93101304769516,1
0.9614907503128052,1
0.2013162821531295,1
0.7970776557922363,1
0.8418185114860535,1
0.7566742897033691,1
0.9871298670768738,1
0.9439916610717772,1
0.0312520787119865,1
0.5988767743110657,1
0.3035881817340851,1
0.9579742550849916,1
0.9244111776351928,1
0.8789082765579224,1
0.9665984511375428,1
0.9733570218086244,1
0.8969762325286865,1
0.8016430735588074,1
0.9902992248535156,1
0.8958367109298706,1
0.991154670715332,1
0.9798566699028016,1
0.9570350050926208,1
0.4062171280384063,1
0.9822013974189758,1
0.5041771531105042,1
0.9694730639457704,1
0.7138517498970032,1
0.8564620614051819,1
0.8659800291061401,1
0.9832224249839784,1
0.9863607883453368,1
0.7337411046028137,1
0.0934950113296508,1
0.9824355244636536,1
0.9717649221420288,1
0.930601954460144,1
0.9793276190757751,1
0.5331931114196777,1
0.912444829940796,1
0.9057419896125792,1
0.3516815900802612,1
0.9783018827438354,1
0.9320105910301208,1
0.4682396650314331,1
0.9504006505012512,1
0.9599280953407288,1
0.7138669490814209,1
0.2835789620876312,1
0.8278636932373047,1
0.8961970806121826,1
0.8890517950057983,1
0.3096311688423157,1
0.9257284998893738,1
0.8188796639442444,1
0.9270870089530944,1
0.9929384589195251,1
0.6226891279220581,1
0.6736578941345215,1
0.5338031649589539,1
0.8797468543052673,1
0.682148814201355,1
0.9762983322143556,1
0.9658052921295166,1
0.092183418571949,1
0.9668012857437134,1
0.9530330896377563,1
0.9048292636871338,1
0.9660524129867554,1
0.4561793804168701,1
0.729134202003479,1
0.9850888848304749,1
0.9179461002349854,1
0.7699666619300842,1
0.8634572625160217,1
0.9487088322639464,1
0.2117716819047927,1
0.987007200717926,1
0.6772025227546692,1
0.990844190120697,1
0.9898848533630372,1
0.9424108266830444,1
0.7293187379837036,1
0.99124675989151,1
0.8851227760314941,1
0.9632521867752076,1
0.5489798188209534,1
0.9916003942489624,1
0.6212136149406433,1
0.9494896531105042,1
0.9829769134521484,1
0.9811526536941528,1
0.9923235177993774,1
0.4675208628177643,1
0.9313627481460572,1
0.8566035628318787,1
0.8823946118354797,1
0.913687229156494,1
0.9671018719673156,1
0.9219819903373718,1
0.9904912114143372,1
0.7191261053085327,1
0.9862387776374816,1
0.9879682064056396,1
0.9596101641654968,1
0.9410355091094972,1
0.8650336265563965,1
0.9348886609077454,1
0.846127450466156,1
0.9910186529159546,1
0.7741796970367432,1
0.964337170124054,1
0.9846596717834472,1
0.8038485050201416,1
0.9880549311637878,1
0.5690716505050659,1
0.9923121333122252,1
0.9537692077324,1
0.9442671537399292,1
0.7356725335121155,1
0.7771658897399902,1
0.9925254583358764,1
0.9287217855453492,1
0.9523032307624816,1
0.6518085598945618,1
0.7964957356452942,1
0.7069334387779236,1
0.7125717997550964,1
0.9173924326896667,1
0.9637230634689332,1
0.5588008165359497,1
0.538837730884552,1
0.8127743005752563,1
0.972030222415924,1
0.7683780789375305,1
0.882883608341217,1
0.7974794507026672,1
0.9771365523338318,1
0.9832927584648132,1
0.8916099667549133,1
0.5716027617454529,1
0.9811115860939026,1
0.6201784014701843,1
0.8525428175926208,1
0.9230877757072448,1
0.9535123705863952,1
0.9912672638893129,1
0.713523805141449,1
0.7665637135505676,1
0.9839161038398744,1
0.9640449285507202,1
0.9768530130386353,1
0.8436697125434875,1
0.947790265083313,1
0.5158910155296326,1
0.3141998052597046,1
0.8541296720504761,1
0.8960224390029907,1
0.9505590200424194,1
0.4163880050182342,1
0.071888655424118,1
0.3127673149109,1
0.5231215953826904,1
0.9431032538414,1
0.8256993293762207,1
0.8232981562614441,1
0.965267300605774,1
0.8859007954597473,1
0.8288189768791199,1
0.768373429775238,1
0.6699162125587463,1
0.9850768446922302,1
0.714855432510376,1
0.881235659122467,1
0.6101915240287781,1
0.6732347011566162,1
0.9882855415344238,1
0.8784663677215576,1
0.94237220287323,1
0.9821518659591676,1
0.1435227245092392,1
0.3508915305137634,1
0.9734036922454834,1
0.8915672302246094,1
0.878687858581543,1
0.9137203693389891,1
0.9323654174804688,1
0.3409006297588348,1
0.5441241264343262,1
0.0193488784134387,1
0.9928321838378906,1
0.3287601470947265,1
0.4642690420150757,1
0.7535824179649353,1
0.9819130897521972,1
0.6801263689994812,1
0.9777729530334,1
0.959248960018158,1
0.9110845923423768,1
0.9449148178100586,1
0.9838122725486756,1
0.7234423160552979,1
0.9628279805183412,1
0.5273103713989258,1
0.9774181246757508,1
0.9136902093887328,1
0.9385526180267334,1
0.959647297859192,1
0.5873807072639465,1
0.540018618106842,1
0.9718011617660522,1
0.9358183145523072,1
0.4048111736774444,1
0.3313656151294708,1
0.9900919795036316,1
0.4211288094520569,1
0.9699413776397704,1
0.866851806640625,1
0.168380469083786,1
0.9880276918411256,1
0.2129369080066681,1
0.907236397266388,1
0.8681267499923706,1
0.9928601384162904,1
0.2932538390159607,1
0.7768736481666565,1
0.987506866455078,1
0.957274317741394,1
0.9823310375213624,1
0.984630048274994,1
0.9906400442123412,1
0.9796279945374,1
0.9465731382369996,1
0.9880102276802064,1
0.9894639253616332,1
0.9251747131347656,1
0.9494041800498962,1
0.9889485836029052,1
0.928521454334259,1
0.8909769058227539,1
0.9611295461654664,1
0.7021687626838684,1
0.9856218695640564,1
0.4506409466266632,1
0.613722562789917,1
0.5905992984771729,1
0.928325057029724,1
0.8824005722999573,1
0.8197733759880066,1
0.8705398440361023,1
0.9812229871749878,1
0.9636980295181274,1
0.9039127826690674,1
0.9861205220222472,1
0.5644060373306274,1
0.983169972896576,1
0.9895546436309814,1
0.954649806022644,1
0.878615140914917,1
0.3173235952854156,1
0.977685272693634,1
0.8325216174125671,1
0.8900403380393982,1
0.92658269405365,1
0.981272041797638,1
0.9834097623825072,1
0.9737973809242249,1
0.9887279272079468,1
0.9866493344306946,1
0.0826139003038406,1
0.6906259059906006,1
0.3461498022079468,1
0.60202956199646,1
0.8200737237930298,1
0.9645059108734132,1
0.6993758678436279,1
0.9919896721839904,1
0.9634979367256165,1
0.5479775071144104,1
0.9828436374664308,1
0.9191398620605468,1
0.9742815494537354,1
0.9703896641731262,1
0.8553568720817566,1
0.3751892447471618,1
0.97510826587677,1
0.9255614876747132,1
0.44363734126091,1
0.6657257676124573,1
0.7577759027481079,1
0.9702838063240052,1
0.9400919675827026,1
0.97865891456604,1
0.9831446409225464,1
0.1307799965143203,1
0.8296729326248169,1
0.9578045010566713,1
0.8683406114578247,1
0.1138996109366417,1
0.9253906607627868,1
0.8785406947135925,1
0.7874693870544434,1
0.8960568904876709,1
0.2837757766246795,1
0.0416937433183193,1
0.190487802028656,1
0.8141415119171143,1
0.5412917733192444,1
0.9369535446166992,1
0.8210367560386658,1
0.9775828123092652,1
0.7301726341247559,1
0.4395827054977417,1
0.9410859942436218,1
0.9541031122207642,1
0.9654765725135804,1
0.9138937592506408,1
0.9232537746429444,1
0.4256937205791473,1
0.9137948155403136,1
0.9820628762245178,1
0.9890479445457458,1
0.9674479961395264,1
0.9360341429710388,1
0.6123332381248474,1
0.9760593175888062,1
0.9183302521705629,1
0.9655566215515136,1
0.985931634902954,1
0.9695811867713928,1
0.5142237544059753,1
0.7995243072509766,1
0.8782840967178345,1
0.9525648355484008,1
0.4858025312423706,1
0.8956930637359619,1
0.9910741448402404,1
0.4006730020046234,1
0.9748237729072572,1
0.5946245789527893,1
0.9904348850250244,1
0.9811789393424988,1
0.9037522077560424,1
0.9539631009101868,1
0.9222065210342408,1
0.8465795516967773,1
0.9566413164138794,1
0.9210164546966552,1
0.5960538387298584,1
0.9544261693954468,1
0.9902909398078918,1
0.9286625385284424,1
0.9559744596481324,1
0.6507095694541931,1
0.9623485207557678,1
0.3851065039634704,1
0.9804562330245972,1
0.807733416557312,1
0.979289412498474,1
0.638551652431488,1
0.9463776350021362,1
0.6459199786186218,1
0.2477837949991226,1
0.7925183176994324,1
0.9551199078559875,1
0.8619750738143921,1
0.6480647325515747,1
0.8112229704856873,1
0.9602932333946228,1
0.3360784351825714,1
0.9809789657592772,1
0.9555704593658448,1
0.6405499577522278,1
0.9868733286857604,1
0.977629005908966,1
0.8108776807785034,1
0.8945860862731934,1
0.6624943614006042,1
0.7597116231918335,1
0.9899442195892334,1
0.9164789319038392,1
0.5886502861976624,1
0.5385847091674805,1
0.955845594406128,1
0.7304797768592834,1
0.7299784421920776,1
0.9888640642166138,1
0.981692910194397,1
0.2527170181274414,1
0.8504250645637512,1
0.9782460927963256,1
0.931281328201294,1
0.8984321355819702,1
0.9585227966308594,1
0.9864294528961182,1
0.8856642842292786,1
0.9531204104423524,1
0.9883310198783876,1
0.1401897072792053,1
0.8376268744468689,1
0.0759826079010963,1
0.7487342953681946,1
0.9908340573310852,1
0.3943698406219482,1
0.9848259091377258,1
0.6402180194854736,1
0.9909695982933044,1
0.9778680801391602,1
0.6591839790344238,1
0.9761927723884584,1
0.139501467347145,1
0.965587079524994,1
0.9198701977729796,1
0.8364542126655579,1
0.6154047250747681,1
0.9031429886817932,1
0.9510365128517152,1
0.9668593406677246,1
0.9809864163398744,1
0.75867760181427,1
0.6087130904197693,1
0.9650776982307434,1
0.9365827441215516,1
0.9821619391441344,1
0.9833055138587952,1
0.5229367017745972,1
0.615875780582428,1
0.9428318977356,1
0.9001195430755615,1
0.7938045263290405,1
0.7973006963729858,1
0.9578863978385924,1
0.8935898542404175,1
0.6617072820663452,1
0.975334107875824,1
0.8688638806343079,1
0.2191803455352783,1
0.9414970874786376,1
0.8769494295120239,1
0.1089834496378898,1
0.9299898743629456,1
0.742273211479187,1
0.963552713394165,1
0.4646950960159302,1
0.8031202554702759,1
0.9902344942092896,1
0.7453867197036743,1
0.8063052296638489,1
0.9086541533470154,1
0.0925943627953529,1
0.9792802929878236,1
0.5618930459022522,1
0.9446436762809752,1
0.942767322063446,1
0.9040325284004213,1
0.9361981749534608,1
0.6845374703407288,1
0.3010455965995788,1
0.9859893321990968,1
0.4424082338809967,1
0.646287739276886,1
0.7538671493530273,1
0.9809432625770568,1
0.910801351070404,1
0.8013898730278015,1
0.9807695150375366,1
0.7550683617591858,1
0.9689022898674012,1
0.2511442601680755,1
0.9928190112113952,1
0.9754653573036194,1
0.7433185577392578,1
0.9345032572746276,1
0.4577036201953888,1
0.9593154191970824,1
0.7702814936637878,1
0.3518187701702118,1
0.9867272973060608,1
0.9428855776786804,1
0.8558264374732971,1
0.4971490800380707,1
0.8333566188812256,1
0.8459546566009521,1
0.8630326986312866,1
0.3275174796581268,1
0.6086535453796387,1
0.8959026336669922,1
0.7700777649879456,1
0.9524232745170592,1
0.8826690912246704,1
0.9792263507843018,1
0.0710944905877113,1
0.7358282208442688,1
0.9631823897361756,1
0.9288726449012756,1
0.945706307888031,1
0.9800127148628236,1
0.9482120275497437,1
0.9633257389068604,1
0.767509937286377,1
0.841908872127533,1
0.9833848476409912,1
0.9587130546569824,1
0.8187986612319946,1
0.9902611374855042,1
0.9557380080223083,1
0.0557022392749786,1
0.9913654327392578,1
0.990333616733551,1
0.9602991938591005,1
0.9639847874641418,1
0.8310174942016602,1
0.5839656591415405,1
0.716083288192749,1
0.9737405180931092,1
0.8671291470527649,1
0.0053174453787505,1
0.845464825630188,1
0.9671562910079956,1
0.9522644281387328,1
0.9912436008453368,1
0.9482079744338988,1
0.8601500988006592,1
0.9883174300193788,1
0.9662134051322936,1
0.7796720266342163,1
0.1990164667367935,1
0.9724820852279664,1
0.0936190634965896,1
0.346733808517456,1
0.3974414765834808,1
0.8726952075958252,1
0.8784460425376892,1
0.9422868490219116,1
0.864446759223938,1
0.595736026763916,1
0.9593852162361144,1
0.6119779348373413,1
0.9780641794204712,1
0.850524365901947,1
0.9684698581695556,1
0.4781544506549835,1
0.9169571995735168,1
0.975593090057373,1
0.9687672853469848,1
0.6492810249328613,1
0.7249934077262878,1
0.2937211990356445,1
0.2673016786575317,1
0.1932716518640518,1
0.4599446356296539,1
0.9371094107627868,1
0.8703190088272095,1
0.8630165457725525,1
0.9180547595024108,1
0.5283641815185547,1
0.9647564888488,1
0.9864152073860168,1
0.742908775806427,1
0.8131280541419983,1
0.8986716270446777,1
0.2812044620513916,1
0.8631686568260193,1
0.9378066062927246,1
0.9226055145263672,1
0.9033927917480468,1
0.9548878073692322,1
0.980682134628296,1
0.9891074299812316,1
0.9660629630088806,1
0.9817115068435668,1
0.8743849396705627,1
0.9791612029075624,1
